gemeente,inwoners,capaciteitKVA,gasaansluitingen,provincie,mercator/x,mercator/y,lngLat/lat,lngLat/lng,percentageGroeneEnergie/2010,percentageGroeneEnergie/2011,percentageGroeneEnergie/2012,percentageGroeneEnergie/2013,percentageGroeneEnergie/2014,percentageGroeneEnergie/2015,percentageGroeneEnergie/2016,percentageGroeneEnergie/2017,percentageGroeneEnergie/2018
Achtkarspelen,27815,38340,12172,Friesland,684699.884,6987233.751,53.2075167,6.1507637,?,"2,6","5,6","4,5","3,5","3,3","3,3","4,3","5,9"
Ameland,3715,11575,4163,Friesland,639993.458,7024253.787,53.4067055,5.749159,"2,1","2,0","1,7","1,5","1,6","5,1","4,7","4,7","7,2"
Leeuwarden,123940,159130,57297,Friesland,644746.327,6985950.17,53.2005936,5.7918548,"2,4","2,9","3,0","3,0","3,8","4,2","3,9","4,5","5,5"
Schiermonnikoog,945,3935,1057,Friesland,685840.229,7037599.533,53.4782844,6.1610076,"2,3","2,5",?,"2,0","2,2","2,1","1,9","2,0","3,0"
Scherpenzeel,9880,12560,4042,Gelderland,611190.024,6780799.579,52.0795901,5.4904134,"1,9","2,2","2,4","2,5","2,9","3,2","3,0","3,2","3,9"
Amersfoort,156985,224125,63046,Utrecht,599978.036,6794662.072,52.1562499,5.3896944,"2,1","2,9","3,1","2,9","3,6","3,2","3,8","4,2","5,1"
Baarn,24815,33265,11377,Utrecht,589225.197,6804604.481,52.21115,5.2931,"2,1","2,5","2,4","2,3","2,6","2,4","2,1",?,"3,7"
De Bilt,6270,13090,5425,Utrecht,576490.915,6786241.697,52.1097009,5.178706,"2,1","2,6","2,7","2,6","2,9","2,8","2,8",?,"4,4"
Bunnik,15175,25715,6635,Utrecht,578200.96,6778411.625,52.0663713,5.1940676,"1,9","2,7","3,0","3,1","3,8","3,5","3,2","3,7","5,0"
Bunschoten,21845,39015,8848,Utrecht,598165.276,6809684.443,52.2391743,5.3734101,"1,5","1,8","1,9","1,9","7,1","6,7","6,1","6,6","3,7"
Eemnes,9230,13530,4111,Utrecht,585557.798,6812243.545,52.2532852,5.2601552,"2,0","2,8","2,8","2,8","3,3","3,1","2,8","3,5","6,0"
Houten,50030,82350,16535,Utrecht,574611.63,6771325.671,52.027123,5.1618241,"1,8",?,"1,8",?,?,"4,2","4,4","4,2","5,2"
Leusden,30355,45015,13033,Utrecht,604319.997,6789976.782,52.130355,5.4286989,"2,0",?,?,"2,0","2,2","2,0","1,9","2,3","4,0"
Lopik,14445,24445,5610,Utrecht,550939.563,6761976.288,51.9752848,4.9491743,"4,6","5,1","6,6","9,0","8,1","6,9","6,5",?,"6,8"
Montfoort,13890,21895,5842,Utrecht,551187.427,6774407.02,52.0441945,4.9514009,"2,0","2,6","2,9","3,1","3,8","3,9","3,7","4,4","5,7"
Renswoude,5440,12660,2067,Utrecht,616637.209,6779788.747,52.073995,5.5393463,"2,1","2,6","2,5","2,5","2,9","2,8","2,4","3,0","4,6"
Rhenen,20055,27450,8447,Utrecht,620296.648,6759379.51,51.9608761,5.5722196,"2,1","2,7","2,8","3,0","3,4","3,4","3,1","3,5","4,4"
Soest,46550,65235,19979,Noordrijn-Westfalen,902369.807,6689707.901,51.5725501,8.1061259,"1,9","2,7","2,7","2,8","3,2","3,2","2,9","3,1","4,0"
Utrecht,357140,410030,118662,Utrecht,568810.093,6783579.784,52.0949753,5.109708,"1,9","2,5","2,4","2,4","2,5","2,3","2,4",?,"3,6"
Veenendaal,66430,102500,25576,Utrecht,618259.98,6771119.658,52.0259814,5.5539239,"1,5","1,8","2,6","2,4","3,4","3,9","4,1","4,2","4,6"
Woudenberg,13345,21290,5081,Utrecht,602620.572,6780972.613,52.0805478,5.4134327,"2,3",?,"2,9","3,1","3,6","3,6","3,4",?,"7,0"
Wijk bij Duurstede,23880,27275,9966,Utrecht,594160.546,6761958.443,51.9751858,5.337435,"1,8","2,1","2,1","2,1","2,4","2,4","2,4","2,8","3,9"
IJsselstein,34050,38745,14120,Utrecht,561704.703,6770877.254,52.0246381,5.0458792,"1,7","3,6","3,4","3,6","4,0","4,4","4,5",?,"6,5"
Zeist,64830,85390,27170,Utrecht,581937.188,6782551.072,52.0892832,5.2276307,"1,7","1,9","1,7","1,6","1,7","1,5","1,4","1,8","2,9"
Nieuwegein,63420,110935,13894,Utrecht,565905.066,6773056.886,52.0367152,5.0836117,"1,5","1,9","1,7","1,6","1,8","4,1","4,2","4,1","4,7"
Aalsmeer,31845,50745,13968,Noord-Holland,530004.753,6814547.616,52.265986,4.7611137,"1,4","1,5","1,4",?,"1,4","1,4","1,3","1,4","2,2"
Alkmaar,109305,150880,49631,Noord-Holland,528809.86,6881098.252,52.6312592,4.7503798,"14,6","15,1","14,7",?,"21,3","27,7","25,5","26,4","25,5"
Amstelveen,91580,109130,36109,Noord-Holland,540194.445,6818219.25,52.2862177,4.8526493,"1,8","2,4","2,5","2,5","2,6","2,7","2,7",?,"3,9"
Beverwijk,41545,50975,19138,Noord-Holland,520218.648,6853221.877,52.478626,4.6732036,?,"1,9","1,8","1,7","1,9","1,8","1,6","1,9","3,1"
Bloemendaal,23520,35410,9758,Noord-Holland,514270.299,6839565.83,52.4036594,4.6197687,"2,3","2,7","2,6","2,6","2,9","2,9","2,8",?,"3,5"
Castricum,35945,39470,15758,Noord-Holland,519819.554,6866185.686,52.5496739,4.6696185,"2,4","3,0","3,2","3,3","3,8","3,9","3,8","4,3","5,4"
Haarlemmermeer,149540,229960,62682,Noord-Holland,524900.481,6825051.78,52.3238421,4.7152612,"1,9","2,4","2,5",?,"3,2","3,2","2,9","3,3","4,6"
Heemskerk,39105,42065,17086,Noord-Holland,520124.024,6859022.979,52.5104331,4.6723536,"3,1","3,4","3,3","8,4","9,0","12,6","12,3","12,6","15,0"
Heemstede,27210,0,12055,Noord-Holland,514467.19,6830339.226,52.3529362,4.6215374,"2,3","2,5","2,5","2,4",?,"2,5","2,5","2,7","3,5"
Hilversum,90745,101170,41078,Noord-Holland,576228.847,6807080.135,52.2248095,5.1763518,"1,9","2,1","1,9","1,8","2,0","2,8","3,2","3,5","4,3"
Ouder-Amstel,14010,25220,5074,Noord-Holland,547298.815,6819753.266,52.2946678,4.9164689,"2,5","3,1",?,?,?,"3,5","3,0","3,4","4,8"
Uitgeest,13650,16215,5977,Noord-Holland,524208.592,6862626.911,52.5301816,4.7090459,"2,4","2,9","2,9",?,"3,5","3,4","3,1","3,5","5,0"
Uithoorn,29455,43100,12974,Noord-Holland,537128.744,6810041.104,52.2411412,4.8251096,"0,6","0,7","1,0","1,0","1,1","1,1","1,1","1,2",?
Zandvoort,17085,22375,7933,Noord-Holland,504558.267,6831549.243,52.3595916,4.532524,"1,9","2,1","2,0","2,1","2,2","2,1","2,1","2,2","2,6"
Alblasserdam,20105,33070,8387,Zuid-Holland,519349.429,6742265.428,51.865799,4.6653953,"1,5","1,6","1,7","1,8","2,0","1,5","1,3","1,8","2,4"
Alphen aan den Rijn,111695,187025,47117,Zuid-Holland,518318.655,6790697.068,52.1343369,4.6561357,"3,0","3,5","3,4","3,4","3,9","4,0","4,4","4,2","5,7"
Barendrecht,48615,100280,19319,Zuid-Holland,505040.578,6740623.221,51.8566651,4.5368567,"2,1","2,5","2,4","2,4",?,"2,5","2,3",?,"4,0"
Brielle,17240,36130,7883,Zuid-Holland,463381.763,6748716.567,51.901662,4.1626292,"0,9","1,1",?,"1,3","1,5","1,4","12,8","12,3","11,5"
Capelle aan den IJssel,67010,119950,21022,Zuid-Holland,509776.142,6754673.503,51.9347521,4.579397,"1,7","3,3","3,2","3,2","3,7","3,5","3,8","4,5","5,3"
Delft,103425,188590,43228,Zuid-Holland,485173.755,6768489.074,52.0114017,4.35839,"1,6","1,8","1,7","1,7","1,9","1,8","1,6","1,9","2,5"
Dordrecht,119030,201695,53391,Zuid-Holland,520745.353,6729703.261,51.7958812,4.6779351,"4,0","7,1","7,8","7,8","8,3","11,8","9,9","11,0","12,2"
Gorinchem,36975,73625,16649,Zuid-Holland,553689.154,6735761.477,51.8296133,4.9738743,"1,5","1,9","1,8","1,7","1,9","1,6","1,1","1,4",?
Gouda,73315,108205,32550,Zuid-Holland,524382.64,6768505.401,52.0114922,4.7106094,"1,5","1,9","1,6","1,7","1,8","1,7","4,4","7,0","6,3"
's-Gravenhage,545485,593115,231772,Zuid-Holland,479936.852,6780870.711,52.0799838,4.3113461,"1,7","2,1","2,0","1,9","2,1","1,9","1,8","2,1","2,7"
Hardinxveld-Giessendam,18290,32990,7354,Zuid-Holland,539178.147,6735783.45,51.8297356,4.8435197,"2,1","2,9",?,"2,9","3,5","3,2","2,9","3,3","4,7"
Hellevoetsluis,40030,53355,17413,Zuid-Holland,461271.669,6736535.46,51.833921,4.1436739,?,"3,6","3,7","3,7","4,2","4,3","4,2","4,4",?
Hendrik-Ido-Ambacht,31180,44660,12361,Zuid-Holland,516037.864,6738326.791,51.8438893,4.635647,"2,7","3,2","3,0","3,0",?,"3,0","2,7","3,0","4,1"
Krimpen aan den IJssel,29515,38070,12894,Zuid-Holland,513001.388,6751422.808,51.9166979,4.6083699,"2,1","2,3",?,"2,1","2,5","2,5","2,5","2,7","3,4"
Maassluis,33170,49120,14714,Zuid-Holland,473566.405,6752375.832,51.9219917,4.2541194,"1,9","2,0","2,0","2,0","2,1","2,0","2,1","2,3","2,8"
Nieuwkoop,28755,65400,11539,Zuid-Holland,531680.879,6793548.134,52.1500947,4.7761706,"1,6","2,0","2,1","2,2","2,6","2,6","2,9","3,0","3,9"
Oudewater,10195,16070,4202,Utrecht,541712.001,6770857.278,52.0245274,4.8662817,"2,2","2,6","2,8","2,9","3,3","3,4","3,3","3,9","5,0"
Papendrecht,32110,47490,13056,Zuid-Holland,522503.556,6736705.891,51.8348695,4.6937293,"2,0","2,4","2,4",?,?,"2,5","2,4","2,7","3,7"
Ridderkerk,46160,88770,21554,Zuid-Holland,512067.186,6743287.213,51.8714812,4.5999778,"1,8","2,3",?,"2,1","2,4","2,2","2,0","2,4","3,5"
Rotterdam,650715,1004565,257781,Zuid-Holland,496838.112,6752538.605,51.9228958,4.4631727,"2,3","2,5","3,1","2,6","3,2","3,9","3,9","3,8","4,0"
Rijswijk,54395,108950,24448,Zuid-Holland,480769.01,6774485.01,52.0446265,4.3188215,"1,2","1,4","1,3","1,3","1,4","1,4","1,3","1,7","2,5"
Schiedam,78625,96735,36262,Zuid-Holland,490018.925,6751509.594,51.91718,4.4019149,"1,5","1,7","1,6","1,6","1,6","1,5","1,4","1,7","2,8"
Sliedrecht,25150,44890,10775,Zuid-Holland,531458.351,6734949.538,51.8250939,4.7741716,"1,8","2,4","2,4","2,4","2,8","2,6","2,6","3,1","4,0"
Albrandswaard,25550,35685,10384,Zuid-Holland,493733.708,6739861.339,51.8524269,4.4352854,"2,0",?,"2,5","2,5","2,9","3,0","2,9","3,1","3,8"
Westvoorne,14695,30500,6564,Zuid-Holland,451946.623,6746311.936,51.8882976,4.0599056,?,?,?,?,?,"1,8","1,8",?,"2,1"
Vlaardingen,73335,97820,33712,Zuid-Holland,483122.338,6749784.455,51.9075958,4.3399618,"1,4","2,0","1,9","2,0","2,6","3,1","3,1","3,1","6,2"
Waddinxveen,29250,45010,11918,Zuid-Holland,518214.961,6774525.215,52.0448492,4.6552042,?,"3,2","3,2","3,2","3,6","3,5","3,5","3,7","5,3"
Woerden,52230,90915,22187,Utrecht,544500.532,6782107.412,52.0868281,4.8913315,"1,7","2,2","2,3","2,3","2,8","2,5","2,3","2,7","4,0"
Zoetermeer,125225,234340,47715,Zuid-Holland,499838.072,6777667.825,52.0622531,4.4901218,"2,0","3,2","3,1","3,1","3,1","3,1","3,0","3,3","4,0"
Zwijndrecht,44550,78510,20722,Zuid-Holland,516579.945,6733356.007,51.8162227,4.6405166,"1,3",?,?,"1,4",?,"1,5","1,4","1,6","2,1"
De Ronde Venen,44415,71280,19916,Utrecht,547718.717,6808476.93,52.2325145,4.9202409,"2,3","3,0","3,3","3,8",?,"3,9","3,6","4,4","5,5"
Tytsjerksteradiel,32000,52175,14197,Friesland,664961.095,6986789.61,53.2051213,5.9734471,?,"2,4",?,?,?,"22,3","19,0",?,"20,4"
Utrechtse Heuvelrug,49525,70725,20788,Utrecht,600555.77,6771601.9,52.0286536,5.3948843,"2,2","2,8","2,6","2,4","2,7","2,4","2,1","2,5","3,8"
Lansingerland,62500,154850,23794,Zuid-Holland,501788.796,6768419.649,52.0110168,4.5076454,?,?,?,?,?,"3,9","3,9",?,"8,1"
Wijdemeren,24400,38590,10827,Noord-Holland,566657.15,6807225.513,52.2256115,5.0903678,"2,3","3,9","3,8","4,0","4,6","4,8","4,8","5,0","6,0"
Dantumadiel,18950,26925,8145,Friesland,664333.707,7000038.025,53.2765166,5.9678112,"3,5","4,3","4,8","5,1","5,9","6,2","6,1","6,6","7,5"
Zuidplas,43980,84475,17816,Zuid-Holland,513567.004,6766356.509,51.9995787,4.6134509,"1,0","1,4","1,7","1,6","2,0","1,9","1,7","2,0","2,8"
Bodegraven-Reeuwijk,34940,60855,14330,Zuid-Holland,529611.384,6778661.609,52.0677553,4.75758,"2,2","2,9","3,1","3,1","3,7","3,4","3,1","3,6","5,4"
Stichtse Vecht,65105,84190,28068,Utrecht,556022.784,6803129.81,52.2030114,4.9948377,"1,9","2,4","2,6","2,6","3,1","2,8","2,5","2,9","4,1"
Leidschendam-Voorburg,47575,102495,35920,Zuid-Holland,493381.895,6783150.679,52.092601,4.432125,"1,7","2,0","1,9","1,9","2,1","1,9","1,7","2,1","3,2"
Goeree-Overflakkee,50150,130365,25031,Zuid-Holland,458904.75,6721933.09,51.7525798,4.1224115,"8,1","9,0","11,1","10,6","11,5","12,4","14,9","14,4","17,6"
Pijnacker-Nootdorp,55365,117065,18832,Zuid-Holland,492794.481,6768441.089,52.0111357,4.4268481,"1,7","2,6","4,6","6,2","7,8","7,2","7,4","7,6","7,9"
Nissewaard,85385,128190,38197,Zuid-Holland,479262.057,6735448.892,51.8278734,4.3052843,"1,9","2,0","1,9","1,8","1,9","1,7","1,5","1,8","2,8"
Krimpenerwaard,56455,97140,24217,Zuid-Holland,529641.531,6758453.691,51.9557379,4.7578508,"2,3","2,8","3,7","3,5","4,2","4,0","3,9","4,4","5,5"
Appingedam,11635,40070,11030,Groningen,763402.952,7008184.119,53.3203563,6.8577654,"2,3","2,8",?,?,?,"3,5","3,6",?,"6,4"
Delfzijl,2540,15030,2342,Groningen,769608.903,7010454.072,53.3325644,6.9135144,?,?,?,?,?,"17,2","17,2",?,?
Groningen,205020,527280,181903,Groningen,731147.273,6989375.346,53.2190652,6.5680077,"1,5","2,3",?,?,?,"2,8","3,0",?,"5,8"
Loppersum,9520,50480,8612,Groningen,751067.061,7010351.791,53.3320144,6.7469502,"3,1","3,5","3,5","2,9","4,4","5,4","5,7",?,"7,9"
Stadskanaal,31655,81465,25257,Groningen,775056.01,6947476.988,52.9925618,6.9624466,"2,8","3,3","3,4","3,7","6,2","6,7","6,4","6,7","10,5"
Veendam,27360,95150,25198,Groningen,764707.717,6967849.233,53.1028443,6.8694863,?,?,?,?,?,"4,0","4,8",?,?
Opsterland,5025,15230,2795,Friesland,678507.405,6957489.941,53.046801,6.0951357,"2,8","3,0","4,2","3,4","3,0","2,8","2,6","3,6","5,1"
Smallingerland,56125,85215,25398,Friesland,673565.175,6970144.683,53.1152527,6.0507389,"2,2","2,9","2,8","2,9","3,4","3,4","3,2","3,7","5,2"
Assen,68475,227130,62744,Drenthe,730317.419,6947992.103,52.9953538,6.560553,"2,1","2,4","2,9","3,0","3,5","3,6","3,8","4,2","5,4"
Coevorden,34665,142328,8764,Drenthe,750375.288,6886583.133,52.6612281,6.7407359,"2,0","3,2","3,4","3,6","5,4","8,0","8,4","8,6","9,2"
Emmen,106950,365985,93753,Drenthe,767425.449,6909998.765,52.788937,6.8939001,"1,7","2,4","2,3","2,2","2,9","3,2","3,7",?,"5,2"
Hoogeveen,12160,26230,170,Drenthe,720897.375,6897394.368,52.7202393,6.4759313,?,"2,0",?,"2,6","3,6","3,1","3,6",?,"5,0"
Meppel,33885,70285,0,Drenthe,689931.487,6892502.896,52.69355,6.19776,?,"2,2","2,1",?,"2,5","2,6","2,5","2,7","4,1"
Dalfsen,28405,60926,11698,Overijssel,696182.188,6859157.811,52.5111721,6.253911,"2,4","3,1","4,7","6,8","7,7","9,2","9,5","9,9","12,4"
Deventer,98805,319010,86385,Overijssel,685558.023,6812233.025,52.2532272,6.1584725,"1,8",?,?,"2,6",?,"3,4","3,6","3,9","5,2"
Enschede,158020,444710,127586,Overijssel,767442.547,6806386.994,52.2209855,6.8940537,"1,8","2,7","2,8",?,?,"2,8","2,7","3,0","3,6"
Haaksbergen,23920,98190,20733,Overijssel,754228.938,6795724.694,52.1621207,6.7753538,"2,1","2,6","10,0","7,9","5,7","6,6","7,0","7,9","9,8"
Hardenberg,15585,21780,0,Overijssel,736804.14,6870897.919,52.5754706,6.6188242,"2,6","3,0","6,3","5,4","5,1","5,9","6,9","9,5","12,2"
Hellendoorn,30475,74760,26030,Overijssel,717776.833,6837103.011,52.3901258,6.447899,"1,9","2,3","3,3","3,3","3,4","4,0","4,0","7,2","7,8"
Hengelo,57095,218550,56278,Overijssel,756127.055,6814527.041,52.2658726,6.7924049,"20,7","23,4","26,7","17,8",?,"20,6","20,2","19,8","22,9"
Kampen,54300,188068,43568,Overijssel,657155.723,6867331.58,52.5559484,5.9033303,"1,4","3,2","5,0","4,8",?,"7,2","7,9","8,2","8,7"
Losser,20740,63360,18080,Overijssel,779753.537,6813831.133,52.2620369,7.0046452,"2,2","2,7","2,8","2,9","3,5","3,6","3,4","3,9","5,2"
Noordoostpolder,47230,151216,20082,Flevoland,634922.477,6898531.505,52.7264415,5.7036057,"2,7","2,8","8,0","6,9","5,2","18,9","33,5","41,3",?
Ommen,16020,35727,6042,Overijssel,715249.335,6860915.066,52.5208023,6.4251941,"2,0","2,9","4,6","4,0","4,1","3,6","3,2","4,1","6,0"
Raalte,13665,71172,10976,Overijssel,698176.666,6836298.396,52.3857034,6.2718277,"2,2","2,7","6,9","5,7","5,3","5,9","6,5","7,1","10,6"
Staphorst,17105,78306,64,Overijssel,691013.424,6884029.163,52.647276,6.2074792,"3,4","4,1","4,0","4,1","4,6","4,3","3,9","4,5","6,1"
Zwolle,128775,417260,108050,Overijssel,678422.889,6858757.117,52.5089759,6.0943765,"2,0","2,6","3,2","3,7","3,4","3,8","3,7","4,3","5,6"
Hattem,12195,16785,5152,Gelderland,674151.003,6852983.336,52.4773176,6.0560015,"2,3","3,0","4,1","3,6","5,2","4,0","3,7","4,1","5,6"
Heerde,18565,26645,7733,Gelderland,672293.816,6837013.22,52.3896323,6.0393181,"2,5","3,2","3,3","3,5","4,1","4,1","3,8","4,2","6,6"
Heumen,16440,21995,7102,Gelderland,650576.318,6724229.533,51.7653817,5.8442265,"3,4","3,9","4,0","4,3","4,8","4,8","3,0","3,4","4,8"
Oldebroek,23615,35425,9240,Gelderland,656677.227,6847204.164,52.4456068,5.8990319,"2,4","3,0","3,0","3,1","3,6","3,5","3,2","3,7","5,1"
Voorst,24520,45735,10275,Gelderland,683677.124,6797703.025,52.1730487,6.1415761,"2,8","3,5","4,2","4,1","8,4","8,0","6,0","6,4","8,0"
Baarle-Nassau,6855,38840,6218,Noord-Brabant,548868.43,6666634.675,51.4432069,4.930569,"1,6","1,9","2,2","2,2","2,5","2,6","2,6","2,8","3,6"
Bergen op Zoom,67415,235560,59690,Noord-Brabant,477531.761,6676148.939,51.4965864,4.2897408,"0,9","1,0","1,0","1,0","1,2","1,3","1,1",?,"1,6"
Best,29105,78140,25476,Noord-Brabant,600442.472,6677358.32,51.5033671,5.3938665,"2,5","3,1","3,8","3,6","3,8","3,9","3,3","3,6","5,2"
Boekel,10770,44060,7946,Noord-Brabant,631479.771,6695131.663,51.6029009,5.6726793,"2,2","2,5","5,3","4,5","4,3","4,7","4,5","4,5","6,5"
Boxmeer,29310,87285,21381,Noord-Brabant,661805.193,6703313.726,51.6486483,5.9450972,"1,8","2,0","2,1","1,8","1,9","1,6","1,5","2,0","3,5"
Boxtel,30760,43355,13152,Noord-Brabant,593090.911,6693489.021,51.593711,5.3278263,"2,4","3,1","3,1","3,2","3,7","3,6","3,3","6,8","7,8"
Breda,183920,322438,69280,Noord-Brabant,531664.526,6692608.575,51.5887845,4.7760237,"1,9","2,4","2,6","2,9","3,3","4,2","4,3","4,6","5,7"
Deurne,32440,53595,13636,Noord-Brabant,645055.305,6670313.36,51.4638535,5.7946304,"2,1","2,5","2,7","2,8","3,3","3,4","3,3","3,6","5,8"
Pekela,12190,16125,5751,Groningen,775450.233,6961236.517,53.0670783,6.965988,"1,9","2,4","2,5","2,9","3,1","3,3","3,2","3,5","4,5"
Dongen,26185,37185,11024,Noord-Brabant,549548.526,6699036.333,51.6247384,4.9366784,"0,9","1,1","1,0","1,1",?,"1,2","1,2","2,0","2,2"
Eersel,19275,35150,8383,Noord-Brabant,592234.33,6651584.001,51.3586373,5.3201315,"2,4","3,3","3,4","3,4","4,0","3,9","4,0","4,4","6,0"
Etten-Leur,43005,69815,17557,Noord-Brabant,516086.21,6689110.614,51.5692065,4.6360813,"1,7","2,0","2,1","4,1","5,6","5,2","4,8",?,"5,8"
Geertruidenberg,21525,37820,9179,Noord-Brabant,540985.819,6712704.144,51.7010947,4.8597583,"181,9",?,?,?,?,"12,6","15,8",?,"64,1"
Gilze en Rijen,26410,41620,11053,Noord-Brabant,546917.043,6688044.723,51.563239,4.9130394,"2,1","2,6","2,5","2,4","2,8","2,8","2,6","3,0","6,4"
Goirle,23845,38890,9592,Noord-Brabant,563966.548,6681032.037,51.5239585,5.0661977,"2,7","3,6","3,9","4,2","4,8","5,1","4,3",?,"8,2"
Haaren,14350,25935,5841,Noord-Brabant,581892.337,6695258.908,51.6036127,5.2272278,"2,3","2,8","2,9","3,0","3,5","3,4","3,3","3,7","4,8"
Helmond,92220,133205,34119,Noord-Brabant,629597.281,6673030.178,51.4790956,5.6557686,"1,6","1,9","1,9","2,1",?,"2,4","2,1",?,"2,7"
's-Hertogenbosch,154890,258880,68757,Noord-Brabant,590338.881,6710526.02,51.6889351,5.3031044,"2,1","3,0","3,4","3,3","3,7","3,5","2,9","4,6","5,5"
Heusden,44655,69105,18726,Noord-Brabant,571981.941,6718523.206,51.7335641,5.1382012,"1,5","2,0","2,0","2,1","2,5","2,4","2,3","2,5","3,3"
Hilvarenbeek,15485,33020,6634,Noord-Brabant,571959.366,6674313.284,51.4862924,5.1379984,"2,5","2,7","2,4","2,1","6,8","6,7","7,0","18,9","18,7"
Loon op Zand,23355,37880,10085,Noord-Brabant,564842.889,6699463.596,51.6271273,5.07407,"2,5","3,1","3,2","3,4","4,6","5,1","4,9","4,9","7,4"
Mill en Sint Hubert,10920,21205,4624,Noord-Brabant,644205.141,6708768.191,51.6791195,5.7869932,"2,5","2,9",?,"3,2","15,4","16,0","16,1",?,"44,1"
"Nuenen, Gerwen en Nederwetten",23365,35255,10463,Noord-Brabant,617716.741,6672175.666,51.4743021,5.5490439,"2,2","4,8","6,4","6,7","7,9","7,3","5,2","5,7","6,6"
Oirschot,18680,35340,7670,Noord-Brabant,591724.163,6677335.382,51.5032385,5.3155486,"1,9","2,6","3,7","3,3","5,4","6,0","6,2","8,5","10,3"
Oisterwijk,26190,52410,11507,Noord-Brabant,578172.296,6690659.067,51.5778742,5.1938101,"2,3","2,9","2,9","3,0","3,5","3,4","3,9","5,4","6,5"
Oosterhout,55910,85740,24755,Noord-Brabant,541105.532,6702611.081,51.6447215,4.8608337,"3,4","4,2",?,?,"4,6","4,4","3,9",?,"5,1"
Oss,91715,134193,39898,Noord-Brabant,614747.105,6724861.972,51.7689067,5.5223672,"2,4","2,9","3,0","3,0","3,7","3,3","3,2","4,1","5,1"
Rucphen,22860,32935,9678,Noord-Brabant,507585.575,6682617.496,51.5328422,4.5597188,"2,6","3,0","3,0","3,0","3,7","3,7","3,4","3,6","5,2"
Sint-Michielsgestel,29155,39955,11810,Noord-Brabant,595730.619,6701605.316,51.6391001,5.3515392,"2,9","3,6","4,7","4,7","5,2","5,2","5,2",?,"6,9"
Someren,19345,40100,8404,Noord-Brabant,636009.183,6656430.821,51.3858887,5.7133677,"1,2","1,4","1,8","1,6","3,0","3,7","4,5","4,9","5,7"
Son en Breugel,17300,31620,7709,Noord-Brabant,612350.485,6679846.336,51.5173136,5.500838,"1,5","1,7","1,9","2,0","17,4","21,7","20,7",?,"32,4"
Steenbergen,24250,46465,10282,Noord-Brabant,480296.381,6692096.686,51.58592,4.3145758,"1,4","1,7","1,8","1,6","2,2","1,9","3,8","3,5","3,7"
Tilburg,219295,319325,73967,Noord-Brabant,566460.517,6686794.821,51.5562404,5.0886014,"2,1","2,6","2,6","2,5","4,1","3,7","4,1","4,5","5,3"
Uden,42065,70665,18623,Noord-Brabant,625043.412,6705182.205,51.6590888,5.6148605,"1,7","2,1","3,5","3,0","6,4","6,3","6,8","5,6","10,6"
Valkenswaard,31155,48570,14918,Noord-Brabant,607743.161,6650170.718,51.350688,5.4594497,"2,0","2,4","2,4","2,5","2,9","2,9","2,7","3,1","4,0"
Veldhoven,42960,57580,18800,Noord-Brabant,601876,6662069.654,51.4175727,5.4067441,"2,1","2,4","2,4","2,4","2,7","2,6","2,5","2,8","3,6"
Vught,26520,35675,11096,Noord-Brabant,588805.611,6704776.312,51.656821,5.2893308,"2,1","2,7","2,7","2,7","3,2","3,1","2,9","3,2","4,4"
Waalre,17450,21520,7720,Noord-Brabant,606433.754,6656742.471,51.3876404,5.4476871,"2,4","3,1","3,3","3,5","4,0","4,1","3,9",?,"5,7"
Waalwijk,48590,90940,22288,Noord-Brabant,564446.836,6709866.819,51.6852544,5.0705122,"2,9","3,6",?,"3,4","3,9","3,7","3,7","3,7","4,5"
Woensdrecht,21840,36210,9858,Noord-Brabant,479198.793,6664158.821,51.4293059,4.304716,"2,4","3,1","3,2",?,?,"3,9","3,7","3,5","5,6"
Zundert,21810,41945,9422,Noord-Brabant,518865.401,6671447.988,51.4702197,4.6610472,"1,9","2,5","2,8",?,?,"3,7","3,8",?,"5,0"
Landgraaf,36815,49550,17346,Limburg,670862.503,6571867.183,50.9080845,6.0264604,"3,8","3,9","4,1","3,6","3,3","4,3",?,"4,6","5,6"
Beek,15850,30665,7124,Limburg,645399.283,6577726.724,50.9413527,5.7977204,"2,0","2,7","2,7","2,8","3,3","3,2",?,?,"4,8"
Beesel,13470,24560,5807,Limburg,672555.695,6635630.263,51.2688217,6.0416706,"2,1","2,8","2,9","3,0","3,6",?,?,"4,1","5,2"
Bergen (L.),13065,33975,5452,Limburg,673137.885,6694837.765,51.6012568,6.0469005,"1,6","2,0","2,1","2,2","5,7",?,"6,4","15,9","15,1"
Brunssum,27730,34420,13982,Limburg,664640.534,6578036.496,50.9431108,5.9705675,"2,1","2,5","2,4","2,4","2,6","2,7","2,7",?,"4,1"
Gennep,16880,36330,7063,Limburg,664961.958,6711627.368,51.6950839,5.9734549,"1,7","2,1","2,3","2,3","2,7","2,8","2,7","2,9","3,9"
Heerlen,86980,176740,43086,Limburg,666001.717,6566268.895,50.8762773,5.9827952,"1,7","2,1","2,1","2,0","2,3","2,3","2,2","3,2","4,0"
Kerkrade,45730,70390,22553,Limburg,674952.581,6564371.561,50.8654924,6.0632022,"2,0","2,2","2,1","2,2","2,4","2,7","2,0","2,3","3,0"
Maastricht,121490,265145,54339,Limburg,633516.639,6561865.542,50.8512438,5.6909768,?,?,?,?,?,"6,6","7,3",?,?
Meerssen,18805,26950,8470,Limburg,640417.78,6567819.032,50.8850867,5.7529708,"2,5","3,2","3,2","3,5","4,2",?,"3,9","4,5","5,8"
Mook en Middelaar,7840,13255,3587,Limburg,657498.15,6721166.652,51.7483064,5.9064064,"2,5","2,9",?,?,"4,1","4,3","4,4","4,6","5,5"
Nederweert,16990,47400,7344,Limburg,640042.956,6638615.591,51.2856418,5.7496037,"2,4","2,9","3,4","3,5","4,0","4,8","5,1","5,5","7,2"
Roermond,58185,123815,27917,Limburg,666610.599,6622255.757,51.1933903,5.9882649,"1,0","1,3","1,1","1,0","1,1","0,9","1,0","1,1","1,7"
Simpelveld,10535,14675,5029,Limburg,665994.034,6559106.163,50.8355496,5.9827262,"2,7","3,5","3,7","4,0","4,4","5,1","5,0","5,7","6,9"
Stein,24985,34735,11732,Limburg,641976.309,6582676.699,50.9694381,5.7669713,"0,9",?,?,?,?,?,?,?,?
Vaals,10085,17465,4760,Limburg,670037.47,6547769.504,50.7710157,6.019049,"2,1","2,5",?,"2,6","3,0","2,9","2,9","3,2","4,1"
Venlo,101600,220290,46291,Limburg,686718.295,6653642.079,51.3702109,6.1688954,"1,1","1,4","1,4","1,6","2,1","2,1","2,4","3,1","3,8"
Venray,43545,108465,18682,Limburg,664813.156,6683308.569,51.5367139,5.9721182,"1,6","2,0","3,8","9,9","9,9","9,5","10,2","13,1","15,8"
Voerendaal,12450,19320,5650,Limburg,659786.392,6567003.477,50.8804521,5.926962,"2,8","3,5","3,6","3,9","4,5","4,6","4,4","5,1","6,6"
Weert,50030,122690,22999,Limburg,635476.519,6632846.803,51.2531334,5.7085827,"1,9","2,4","2,5","2,7",?,"3,3","3,2","3,9","4,6"
Valkenburg aan de Geul,16310,36265,8041,Limburg,647179.237,6563571.522,50.8609441,5.81371,"2,6","3,0","2,9","2,8","3,2","3,1","3,0","3,4","4,5"
Horst aan de Maas,42330,108035,17787,Limburg,671356.594,6668129.067,51.4515953,6.0308989,"1,1","1,4","3,5","4,5","7,7","8,2","8,5","11,5","9,9"
Leudal,35930,166420,31742,Limburg,656323.369,6629438.29,51.2339148,5.8958531,"25,7",?,?,?,"5,4","6,9","7,4","9,7","9,3"
Maasgouw,23970,84220,21588,Limburg,656178.009,6615937.664,51.1577134,5.8945473,?,"6,9",?,?,?,"7,8","7,4","7,6","8,8"
Gemert-Bakel,30775,111610,24014,Noord-Brabant,640683.883,6684081.926,51.5410462,5.7553612,"2,3","2,7","4,2","3,8","6,7","7,1","7,1","10,0","13,2"
Halderberge,30330,100800,26856,Noord-Brabant,502438.665,6692783.629,51.589764,4.5134833,?,?,?,?,"5,9","8,0","7,9","13,1","16,4"
Heeze-Leende,16180,55320,13678,Noord-Brabant,620937.593,6651583.761,51.358636,5.5779773,"2,4","3,2","4,6","4,2","5,4","5,7","5,7",?,"8,8"
Laarbeek,22550,70160,18580,Noord-Brabant,624797.617,6682517.928,51.5322843,5.6126525,"1,3","1,7","1,8","1,9","2,3","2,8","2,8","3,8","4,2"
Reusel-De Mierden,13130,53930,10534,Noord-Brabant,572946.577,6653781.895,51.370997,5.1468667,"2,7","3,3","4,2","4,4","4,9","15,8","16,7",?,"20,9"
Roerdalen,20515,72370,18922,Limburg,667079.156,6613107.442,51.1417227,5.992474,"2,9","3,5","3,7","3,8","4,3","4,2","4,1","4,5","5,7"
Roosendaal,77355,273470,70578,Noord-Brabant,497218.803,6682810.013,51.5339208,4.4665925,"2,7","6,1","10,6","10,4","11,4","12,4","12,8","11,9",?
Aa en Hunze,25570,82930,22736,Drenthe,749119.177,6945425.257,52.9814393,6.7294521,"2,9","3,6","4,0","4,0","5,8","7,4","6,9","6,0",?
Borger-Odoorn,25640,91170,22792,Drenthe,766118.712,6930435.591,52.9000925,6.8821615,"3,0","3,6","4,5","4,4","7,8","8,7","8,5","9,1","10,4"
Cuijk,25175,52960,11075,Noord-Brabant,654563.704,6717873.319,51.729939,5.8800458,"1,6","2,2","2,2","2,1","2,3","21,6","21,6","28,2","21,8"
Landerd,15765,61140,12400,Noord-Brabant,629050.566,6714166.418,51.7092562,5.6508574,"2,5","3,2","3,4","3,5","4,1","4,0","3,8","4,2","5,8"
De Wolden,23830,99432,0,Drenthe,705648.954,6894708.243,52.705585,6.3389524,"2,7","3,2","3,6","3,3","3,7","3,5","3,3","3,8","5,3"
Noordenveld,31330,107540,29312,Drenthe,714765.118,6966467.717,53.0953746,6.4208443,"2,6","3,1","3,9","3,9","6,2","6,2","6,0","5,0","5,9"
Westerveld,19545,78014,20,Drenthe,702555.369,6917258.122,52.8284533,6.3111623,"2,5","3,1","3,2","3,4","4,1","4,2","4,1","4,7","6,3"
Sint Anthonis,11690,63080,8844,Noord-Brabant,654745.211,6699426.698,51.626921,5.8816763,"2,4","2,8","2,9","3,2","18,9","21,4","23,4","38,1","37,6"
Cranendonck,21180,64940,18510,Noord-Brabant,621284.685,6638842.32,51.286919,5.5810953,"0,8","1,0","1,0","1,0","1,2",?,?,?,?
Steenwijkerland,27520,83468,4601,Overijssel,670499.908,6902463.306,52.7478796,6.0232031,"2,6","2,7","15,2","11,0","6,5","3,1","3,9","4,7","9,2"
Moerdijk,37215,140830,32651,Noord-Brabant,514951.708,6713101.746,51.703314,4.6258899,"23,6","23,9","22,1","22,2","23,7","23,2","22,3",?,?
Echt-Susteren,31725,115380,28756,Limburg,656687.652,6602569.574,51.0821352,5.8991255,"2,3",?,?,"3,6",?,"4,1","4,0","4,4","6,1"
Drimmelen,27305,85710,22996,Noord-Brabant,534851.28,6713968.502,51.7081516,4.8046508,"1,7","2,1","2,2","2,3","2,8","2,7","2,8","2,9","3,8"
Bernheze,31365,54410,12344,Noord-Brabant,614621.939,6709558.514,51.6835329,5.5212428,"2,5","3,3","3,9","3,9","6,6","5,2","5,8","10,9","12,8"
Alphen-Chaam,10225,48780,8662,Noord-Brabant,542277.299,6677987.731,51.5068956,4.8713599,"2,1","2,6","2,6","2,7","3,3","3,4","3,3","3,7","4,9"
Bergeijk,18760,36775,8226,Noord-Brabant,596332.134,6644921.418,51.3211501,5.3569427,"2,4","3,0","3,4","3,5","4,0","4,2","4,3","4,6","6,1"
Bladel,10155,69410,17888,Noord-Brabant,580579.201,6653031.302,51.3667765,5.2154317,"2,0","2,6","2,7","2,7","3,4","3,4","3,7","3,9","5,6"
Gulpen-Wittem,14225,56330,13006,Limburg,655730.764,6552793.537,50.7996261,5.8905297,"2,4","2,9","3,9","4,0","4,6","4,5","4,5",?,"5,5"
Tynaarlo,33980,100010,29008,Drenthe,736662.241,6963073.956,53.0770194,6.6175495,"2,6","2,8","2,6","2,4","4,3","5,5","7,1","6,9","13,9"
Midden-Drenthe,33280,126330,29764,Drenthe,731152.634,6925011.593,52.8706193,6.5680559,"17,1",?,?,?,?,"22,8","24,7","21,5","27,2"
Rijssen-Holten,30965,78120,24472,Overijssel,716984.058,6817875.665,52.2843249,6.4407774,"2,1","2,9","7,5","6,1","4,9","5,4","5,4","6,2","8,2"
Geldrop-Mierlo,39750,103260,35400,Noord-Brabant,622477.431,6664607.102,51.4318231,5.5918099,"2,3","2,8","2,8","2,9","3,4","3,3","3,0","3,4","4,4"
Olst-Wijhe,18300,76900,15157,Overijssel,684226.436,6834461.861,52.3756076,6.1465107,"2,3",?,?,"4,3",?,"5,4","5,6","6,1","7,7"
Berkelland,13340,48815,5532,Gelderland,736757.433,6784762.745,52.10152,6.6184046,"2,4","2,9",?,"2,5","3,7","21,2","21,9","24,4","28,3"
Sittard-Geleen,92510,332720,85728,Limburg,649839.304,6589725.823,51.0094043,5.8376058,?,?,?,?,?,?,?,?,?
Peel en Maas,43495,209680,36750,Limburg,665619.723,6646607.847,51.3306417,5.9793637,"1,1","1,5","2,9","2,5","3,0","2,8","2,8","2,8","3,5"
Oldambt,37720,137150,35120,Groningen,786915.52,6989982.893,53.2223408,7.0689824,"1,9","2,4",?,"2,8","4,5","4,6","4,2","5,0","7,5"
Zwartewaterland,22745,56718,8244,Overijssel,672984.436,6877195.053,52.6099199,6.0455221,"1,3","1,7","1,9","2,0","2,4","2,5","2,4","2,7","3,9"
Eijsden-Margraten,25830,88860,22286,Limburg,642122.176,6553736.539,50.8049942,5.7682817,?,"2,1","2,6","2,5",?,"3,2","3,4",?,?
Berg en Dal,35060,50505,15133,Gelderland,657905.95,6735096.329,51.825911,5.9100697,"2,1","2,4","2,6",?,"3,1","3,2","3,3","3,6","4,4"
Meierijstad,81390,145850,34100,Noord-Brabant,614081.737,6692548.307,51.5884473,5.5163901,"1,6","2,0","4,3","3,5","3,4","3,3","3,3","4,6","5,7"
Westerwolde,25835,49715,11306,Groningen,794872.245,6948750.564,52.9994645,7.1404589,?,?,?,?,?,"1,3","1,5",?,?
Midden-Groningen,60980,101340,27689,Groningen,754698.671,6982999.325,53.1846736,6.7795735,?,"1,5","1,6",?,"2,3",?,"2,5","4,7",?
Almere,211230,273965,34667,Flevoland,581203.87,6832661.754,52.3657098,5.2210432,"3,9","4,5","4,7",?,?,"5,3","4,8","5,4","6,4"
Zeewolde,22645,76590,7739,Flevoland,617047.411,6826372.473,52.331111,5.5430312,"51,8",?,"51,1","74,9","102,6","105,2","91,4","93,7","95,8"
Harlingen,15710,28390,7661,Texas,-10875466.679,3003881.251,26.1908241,-97.6959794,?,"32,9","47,7","46,4","41,5","41,7","41,4",?,"39,8"
Heerenveen,50460,89415,22918,Friesland,659791.201,6940886.55,52.9568246,5.9270052,"2,7","3,2","3,1","3,5","3,8","3,7","3,3","3,9","4,9"
Ooststellingwerf,3710,10045,1343,Friesland,701865.354,6947162.834,52.990859,6.3049638,"2,8","3,3","3,4","3,6","4,9","5,8","6,2","7,0","9,4"
Terschelling,4885,11680,3057,Friesland,595725.239,7010703.473,53.3339055,5.3514909,"2,5","2,6","2,4","2,4","2,7","2,7","2,6","2,7","3,3"
Vlieland,1150,4290,815,Friesland,556031.13,6986395.376,53.202995,4.9949126,"1,8","1,9",?,"1,6","1,8","1,9","1,9","1,8","3,2"
Weststellingwerf,4250,6045,1391,Friesland,668882.57,6925250.572,52.8719184,6.0086744,"2,8","3,3",?,"3,5","4,0","4,0","4,3","4,8","6,5"
Urk,21025,24100,7177,Flevoland,623254.385,6887356.4,52.6654515,5.5987894,"1,5","1,8","2,0","2,2","2,6","3,7","7,6","12,6","13,4"
Aalten,27100,42480,12031,Gelderland,732596.519,6753564.991,51.9285963,6.5810265,"8,0","9,0","9,0","9,3","10,8","11,4","11,0","11,0","12,7"
Apeldoorn,163735,222395,68021,Gelderland,663903.71,6805419.199,52.2156457,5.9639485,"2,3","3,4","4,0","4,0","5,5","5,1","4,6","4,8","5,7"
Arnhem,161255,183370,67526,Gelderland,657993.625,6763593.709,51.984257,5.9108573,"2,2","2,8",?,?,?,"2,9","2,3",?,"3,8"
Barneveld,59025,103235,22795,Gelderland,621901.831,6792170.095,52.142479,5.5866392,"2,5","3,1","3,3","3,2","4,0","3,8","3,2","3,6","5,0"
Beuningen,25830,34945,11481,Gelderland,642019.244,6740982.058,51.8586611,5.767357,"24,8","27,3",?,"27,3","28,2","28,9","28,7","27,7","27,8"
Brummen,20680,32850,9162,Gelderland,685378.887,6782197.566,52.087327,6.1568633,"1,2","1,6","1,4","1,5",?,"2,0","1,0","1,2","1,5"
Buren,26705,50980,10508,Gelderland,593777.93,6750445.779,51.9112701,5.3339979,"6,9","7,4","12,1","11,9","12,0","20,0","21,3","21,1","22,8"
Culemborg,28950,36010,11217,Gelderland,581678.203,6758744.225,51.9573504,5.2253042,"3,8","4,5","4,4","4,1","5,0","5,2","5,0","5,4","6,5"
Doesburg,11070,13245,5108,Gelderland,683431.531,6768950.691,52.0139605,6.1393699,"2,1","2,5","2,7","2,9","3,4","3,5","3,4","3,5","4,3"
Doetinchem,57935,84370,26204,Gelderland,700100.445,6760216.211,51.9655192,6.2891093,"1,9","2,1","2,6","2,7","3,3","3,2","2,9","3,2","4,2"
Druten,18905,28320,7911,Gelderland,623718.877,6745911.719,51.8860729,5.602962,"1,8","2,2","2,3","2,5","2,8","2,8","2,3","2,6","3,3"
Duiven,25115,33505,4525,Gelderland,670654.736,6757345.342,51.9495859,6.024594,"35,9","39,6","67,4","53,1","49,3","52,4","46,5","50,3","49,0"
Ede,117100,173760,43236,Gelderland,631203.899,6774701.652,52.0458265,5.6702011,"2,3","3,2","3,8","3,5","4,6","4,3","5,6","6,6","8,7"
Elburg,23150,31420,9360,,2837050.883,5223468.69,42.6073975,25.4856617,"2,1","3,1","3,5","4,0","4,9","4,4","4,4","5,0","6,3"
Epe,24300,44260,13137,Gelderland,666099.142,6829209.679,52.3467225,5.9836704,"2,2","2,7","3,0","2,8","3,7","3,1","3,0","3,3","4,5"
Ermelo,26995,38460,11978,Gelderland,625951.723,6820748.652,52.30015,5.62302,"2,1","2,5","3,2","3,1","3,2","2,7","2,9",?,"4,1"
Harderwijk,48355,56780,20385,Gelderland,625496.76,6829636.269,52.3490693,5.618933,"2,0","3,0","4,4","4,3","6,5","4,8","4,3","4,8","6,2"
Lochem,31535,55015,14626,Gelderland,714057.627,6795064.074,52.158471,6.4144888,"1,8","2,1","2,3","2,3",?,"2,7","2,6","2,9","3,9"
Maasdriel,25010,43710,10301,Gelderland,591862.634,6727810.622,51.7853378,5.3167925,"1,7","2,3","2,4","2,5",?,"3,0","3,3","3,3","4,5"
Nijkerk,43155,63720,17947,Gelderland,610288.225,6806572.98,52.2220116,5.4823124,"1,9","2,5","3,1","2,9","4,0","3,0","3,7","4,6","6,0"
Nijmegen,177630,178530,71763,Gelderland,652752.681,6738974.772,51.8474946,5.8637771,"23,4","24,7","16,3","1,7","1,9","2,0","1,9","2,6","3,5"
Putten,24095,37860,9700,Gelderland,624507.564,6813620.361,52.2608751,5.6100469,"2,3","3,0","3,1","3,0","6,5","6,5","6,0","6,0","9,3"
Renkum,31375,41685,13893,Gelderland,638257.993,6761944.149,51.9751065,5.7335691,"1,2","1,7",?,?,?,"12,7","10,3",?,?
Rheden,43745,53045,19823,Gelderland,671287.766,6767223.121,52.0043836,6.0302806,"2,4","2,9","2,7","2,9","3,2","3,2","2,8","3,1","4,1"
Rozendaal,1700,2750,690,Gelderland,663519.702,6767093.833,52.0036668,5.9604989,"2,8","3,5",?,?,?,?,"4,8","5,0","6,0"
Tiel,42130,62215,17969,Gelderland,605273.916,6746156.449,51.8874333,5.4372681,"1,3","1,7","1,9","2,2","2,5","2,5","2,5","2,7","3,5"
Wageningen,39635,43815,12685,Gelderland,630477.462,6761942.888,51.9750995,5.6636754,"1,7","2,0","2,0","2,0","2,3","2,4","2,4","2,7","3,9"
Westervoort,14965,14795,4028,Gelderland,665719.498,6759508.151,51.96159,5.98026,"2,5","3,0","3,0","3,3","3,8","4,0","3,9",?,"5,0"
Winterswijk,28840,52435,13427,Gelderland,748336.204,6761860.639,51.9746432,6.7224185,"2,1","2,4","3,0","2,9","3,9","3,3","3,4","3,9","4,9"
Wijchen,41045,61215,17744,Gelderland,638553.457,6732238.109,51.8099983,5.7362233,"1,9","2,4","2,4","2,5","3,5","3,4","3,6","3,7","5,2"
Zaltbommel,28830,54800,11640,Gelderland,583438.854,6731638.221,51.8066578,5.2411204,"0,8","0,9","0,8","0,8","0,9","0,8","0,7","0,8","1,2"
Zevenaar,43665,61575,19382,Gelderland,676704.45,6754848.749,51.9357252,6.0789395,"1,4","1,8","4,0","2,7","4,1","3,1","3,1","4,0","4,9"
Zutphen,47885,65690,22354,Gelderland,690675.558,6792304.528,52.143222,6.2044441,"2,7","3,2","3,2","3,2","3,9","3,9","3,5","3,8","5,0"
Nunspeet,27815,37362,11140,Gelderland,643525.286,6835000.892,52.378571,5.780886,"1,9","2,4","2,4","2,4","2,7","2,6","2,3","2,7","3,7"
Dronten,41480,110168,17856,Flevoland,636306.451,6861436.741,52.5236608,5.7160381,"29,6","32,4","31,3","35,6","34,2","35,0","31,9","35,4","37,7"
Amsterdam,871395,765052,388932,Noord-Holland,544753.517,6833943.892,52.3727598,4.8936041,"5,7","6,5","6,7","6,5","6,5","7,3","7,4","7,9","8,1"
Beemster,9995,24890,4044,Noord-Holland,547677.19,6868520.046,52.562455,4.9198679,"2,1","2,8","2,8","2,7",?,"2,9","2,6","3,0","4,5"
Bergen (NH.),29775,45420,15539,Noord-Holland,523330.915,6888230.988,52.6702278,4.7011616,"2,8","3,1","3,0","3,1","3,4","3,5","3,4",?,"4,8"
Blaricum,11530,18445,4086,Noord-Holland,583774.761,6815730.477,52.2725049,5.2441379,"3,1","4,2",?,"4,5",?,"5,3","4,1",?,"5,4"
Edam-Volendam,36145,51265,15906,Noord-Holland,559560.296,6865991.706,52.5486116,5.0266157,"2,1","2,4","2,4","2,5",?,"2,7","2,6",?,"3,8"
Enkhuizen,18575,22820,9023,Noord-Holland,588893.71,6894349.621,52.7036282,5.2901222,"3,1","3,7","3,3","3,4",?,"3,6","3,8","4,0","4,4"
Haarlem,162675,158250,73302,Noord-Holland,516389.388,6836812.97,52.3885317,4.6388048,"2,1","2,7","2,4","2,3","2,3","2,2","2,0","2,3","2,9"
Heerhugowaard,57500,80690,21159,Noord-Holland,537970.052,6886934.714,52.6631484,4.8326672,"1,8","2,9","2,8",?,"3,5","3,7","3,7","4,1","4,9"
Heiloo,23920,31235,10712,Noord-Holland,524529.27,6875682.745,52.6016491,4.7119266,"2,7","3,2","2,9","2,8","3,1","3,0","2,8",?,"4,5"
Den Helder,56160,74865,29349,Noord-Holland,529911.834,6941098.799,52.957976,4.760279,"2,1","2,5","2,4","2,5","2,8","2,5","2,4","2,9","3,5"
Hoorn,73105,88450,33117,Noord-Holland,564788.364,6885126.647,52.653272,5.0735802,"2,0","2,4","2,3","2,5","2,8","2,8","2,9","3,2","4,1"
Huizen,41205,44550,18516,Noord-Holland,585290.209,6820041.908,52.2962576,5.2577514,"2,1","2,2","2,0","1,8","1,9","1,7","1,6","2,0","2,9"
Landsmeer,11475,15685,4951,Noord-Holland,546980.43,6844290.358,52.4296098,4.9136088,"2,7","2,9",?,?,?,"3,3","3,2",?,"4,5"
Langedijk,28150,37660,10611,Noord-Holland,531966.03,6891836.266,52.6899114,4.7787322,"2,6","3,3",?,"4,9","5,5","5,7","5,3","5,7","6,7"
Laren,11260,17755,5359,Noord-Holland,581665.768,6812842.901,52.2565894,5.2251925,"2,2","2,9","2,9","2,8","3,3","3,1","2,8",?,"4,2"
Medemblik,10920,29690,6223,Noord-Holland,568419.027,6906282.028,52.768691,5.106195,"2,4","3,0","3,0","3,1","3,6","3,6","3,4","3,3","4,0"
Oostzaan,9730,10635,4207,Noord-Holland,542722.76,6845958.112,52.4387666,4.8753615,"2,2","2,8","2,9","2,9","3,4","3,3","3,1","3,5","4,6"
Opmeer,11810,21985,5110,Noord-Holland,548645.684,6894487.719,52.7043817,4.928568,"2,0","2,6","2,8","3,3","7,1","8,0","12,4","7,7","3,3"
Purmerend,81185,104400,12784,Noord-Holland,552309.728,6857571.866,52.5024789,4.9614827,"2,0","2,3",?,?,"32,0","35,7","39,2","41,0","43,5"
Schagen,3125,13610,3733,Noord-Holland,534830.119,6909870.69,52.7882395,4.8044607,"6,7","7,8","7,4","7,8","9,2","9,2","8,7","8,7","8,4"
Texel,13555,48405,8538,Noord-Holland,546103.492,6963180.563,53.0775961,4.9057311,"2,7","3,0","2,8","2,9","3,2","3,0","2,8","3,0","3,7"
Velsen,68495,84625,30759,Noord-Holland,512502.818,6848352.62,52.4519103,4.6038911,?,?,?,?,?,"0,7","0,6",?,?
Weesp,19705,31415,8940,Noord-Holland,560646.611,6822589.033,52.3102843,5.0363742,"1,2","1,4","1,3","1,4","1,5","1,6","1,6","2,0","2,5"
Zaanstad,156680,176570,67969,Noord-Holland,531415.151,6851453.136,52.4689235,4.7737835,"2,0","2,4","2,3",?,?,"2,6","2,4","2,7","3,2"
Drechterland,19690,35520,8468,Noord-Holland,577231.575,6885572.044,52.6557052,5.1853595,"2,2","2,7","3,0","3,6","4,6","4,9","4,8","5,0","5,9"
Stede Broec,21705,26150,9374,Noord-Holland,581754.58,6893188.51,52.6972919,5.2259903,"2,3","2,6","2,5",?,?,"3,0","3,1","3,4","4,2"
Hillegom,20170,37120,9222,Zuid-Holland,510228.11,6819318.906,52.2922753,4.5834571,"1,9","2,1","2,0","2,0","2,2","2,2","2,3","2,6","3,7"
Katwijk,65665,100140,27037,Zuid-Holland,489450.069,6801968.917,52.1966035,4.3968048,"1,5","1,7","2,1","1,9","2,3","2,1","2,1","2,6","3,4"
Leiden,125000,179410,49615,Zuid-Holland,498981.502,6795316.297,52.1598645,4.4824271,"1,9","2,1","1,9","2,0","2,3","2,0","2,2","2,5","3,2"
Leiderdorp,27020,38420,11751,Zuid-Holland,504732.846,6795665.766,52.1617952,4.5340923,"2,1","2,5","2,3","2,4","2,6","2,4","2,3","2,6","3,8"
Noordwijk,26590,52840,11733,Zuid-Holland,494948.375,6810031.022,52.2410856,4.4461969,"1,8","2,1","2,0","2,0","2,2","2,1","2,2","2,5","3,3"
Oegstgeest,24820,34820,9366,Zuid-Holland,498030.667,6799945.596,52.185433,4.4738856,"2,4","2,7","2,4","2,5","2,8","2,7","3,4","3,7","4,6"
Voorschoten,25570,29800,11064,Zuid-Holland,494990.209,6789464.649,52.1275236,4.4465727,"2,4","2,6","2,5","2,4","2,7","2,7","2,7","2,8","3,4"
Wassenaar,26275,50040,11644,Zuid-Holland,489941.836,6792187.989,52.1425779,4.4012224,"2,1","2,4","2,2","2,2","2,5","2,5","2,3","2,5","3,2"
Zoeterwoude,8560,22965,3657,Zuid-Holland,501322.819,6787595.725,52.1171894,4.5034595,"2,3","2,7",?,?,?,"3,6","9,0",?,?
West Maas en Waal,19300,40235,8156,Gelderland,612076.834,6739819.006,51.8521914,5.4983797,"6,4","6,9",?,?,?,?,"7,6","7,9","8,9"
Waterland,17380,29210,7773,Noord-Holland,563066.21,6846821.713,52.4435074,5.0581098,"2,4","2,9","5,1","5,3","5,9","5,8","5,3","5,6","6,6"
Wormerland,16240,21935,7229,Noord-Holland,540939.576,6858132.517,52.5055522,4.8593429,"2,0","2,5","2,4","2,4","2,5","2,4","2,2","2,5","3,5"
Lelystad,1720,2980,1688,Flevoland,609684.773,6859873.571,52.5150949,5.4768915,"12,3",?,"17,3","18,3","17,7","18,1","16,8","18,8","20,9"
Oude IJsselstreek,39330,63180,17251,Gelderland,711526.721,6748903.354,51.9026999,6.3917533,"2,4","3,2","5,1","5,0","7,7","6,5","6,6","8,0","9,6"
Teylingen,6390,15500,2623,Zuid-Holland,502205.996,6805736.006,52.2173937,4.5113932,"1,8","2,3","2,3","2,4","2,7","2,8","2,8","3,2","4,5"
Oost Gelre,29600,55800,13079,Gelderland,730368.329,6769192.911,52.0153031,6.5610103,"2,1","2,6","6,5","5,4","11,4","7,9","8,6","9,7","11,8"
Koggenland,1260,6545,631,Noord-Holland,551289.932,6884085.031,52.6475813,4.9523217,"5,0","6,0","5,9","6,3","7,1","6,9","6,4",?,"7,4"
Lingewaard,46665,66520,20012,Gelderland,661679.951,6749755.281,51.9074337,5.9439721,"2,1",?,"5,3","4,9","7,9","5,5","5,1","5,2","5,4"
Overbetuwe,9215,18390,5872,Gelderland,644103.652,6752370.349,51.9219612,5.7860815,"2,1","2,8","3,2","3,2","4,2","3,1","3,1","3,5","4,8"
Neder-Betuwe,24355,38560,8842,Gelderland,625183.982,6752289.099,51.92151,5.6161233,"3,3","3,8","8,1","7,8","6,4","6,6","6,4","9,1","10,5"
Bronckhorst,36145,78515,15947,Gelderland,697892.476,6775980.36,52.0529087,6.2692748,"2,0","3,2","3,0","2,7","4,1","3,4","4,9","4,5","6,1"
Kaag en Braassem,27345,66520,11657,Zuid-Holland,514478.238,6801324.528,52.1930462,4.6216366,"1,8",?,"3,2","3,0","3,8","3,6","3,4","4,0","5,6"
Súdwest-Fryslân,90295,182260,42831,Friesland,605140.978,6944206.801,52.9748326,5.4360739,"9,8","10,8","11,5","10,9","12,1","13,1","11,8","12,8","13,8"
Hollands Kroon,48535,139900,21311,Noord-Holland,552757.456,6925991.739,52.8759468,4.9655047,"9,6",?,"11,4",?,"14,4","17,7","16,0","13,7","10,5"
De Fryske Marren,51725,110215,24884,Friesland,636065.809,6932599.423,52.9118448,5.7138764,"3,1","3,4","8,7","6,7","8,3","12,0","14,0","15,0","15,3"
Gooise Meren,58185,68050,26107,Noord-Holland,568236.662,6824757.815,52.322224,5.1045568,"2,1","2,6","2,5","2,4","2,7","2,5","2,2","2,5","3,8"
Montferland,36065,53885,15840,Gelderland,690794.726,6752738.443,51.9240057,6.2055146,"2,3","2,7","3,0",?,?,"3,6","3,9","4,9","6,2"
Westland,110520,723013,97015,Michigan,-9284104.765,5180829.719,42.3238056,-83.4005321,"0,5",?,"1,0","1,1","1,8","2,4","2,6","3,2","4,0"
Midden-Delfland,19365,87150,16083,Zuid-Holland,481232.038,6761128.58,51.9705816,4.322981,"0,7",?,"3,1",?,?,"3,8","3,8",?,"9,9"
Borsele,22680,63840,10233,Zeeland,427008.7,6664088.542,51.4289112,3.8358844,?,?,?,?,?,?,?,?,?
Goes,38015,92380,17345,Zeeland,433006.058,6677311.267,51.5031033,3.8897596,"2,1","2,5",?,"3,1","4,5","5,1","4,7","5,3","6,9"
Hulst,10555,21075,5418,Zeeland,451200.338,6638020.766,51.2822909,4.0532016,"1,8",?,"2,4","2,6","3,0","3,0","3,2","3,5","4,2"
Kapelle,12690,25405,7187,Hauts-de-France,263581.656,6587664.666,50.9977218,2.3677943,"3,8","4,7","5,3","5,5","7,1","7,9","7,0","10,8",?
Reimerswaal,22675,94975,11108,Zeeland,456570.327,6666598.148,51.4430019,4.101441,?,?,?,?,?,"15,0","13,1",?,?
Terneuzen,54345,143815,28642,Zeeland,427501.476,6645689.57,51.3254737,3.8403111,?,?,?,?,?,?,?,?,?
Tholen,25730,92280,19295,Zeeland,470133.524,6683082.286,51.5354462,4.2232813,"5,9","10,9","13,2","14,2","13,3","14,1","13,4","12,8","13,6"
Veere,21815,52792,14006,Zeeland,408107.072,6685237.039,51.5475163,3.6660882,"10,4","11,4","11,9","16,8",?,"17,5","16,9","16,4","25,9"
Vlissingen,44280,113970,23802,Zeeland,397388.229,6667505.081,51.4480929,3.5697992,?,?,?,"2,5","3,1","3,3","3,2","3,2","3,7"
Schouwen-Duiveland,33935,104585,23640,Zeeland,431544.933,6710257.404,51.6874353,3.8766341,"2,1","2,5","2,9","5,2","5,7","8,4","8,2","9,3","24,7"
Noord-Beveland,7420,35165,6930,Zeeland,423115.318,6688396.173,51.5652068,3.8009096,"33,9",?,"36,2","37,3","36,1","39,1","37,2","35,1","35,4"
Sluis,23280,99955,18538,Zeeland,377085.413,6642656.525,51.3083996,3.3874159,"5,8",?,"6,8","7,2","7,4","7,5","7,4","7,7","9,6"
